{"cameraMode":{"drawMode":0,"name":"Shaded","section":"Shading Mode"},"sceneLighting":true,"audioPlay":false,"sceneViewState":{"m_AlwaysRefresh":false,"showFog":true,"showSkybox":false,"showFlares":true,"showImageEffects":true,"showParticleSystems":true,"showVisualEffectGraphs":true,"m_FxEnabled":true},"in2DMode":false,"pivot":{"x":20.652713775634767,"y":3.008723020553589,"z":-32.003257751464847},"rotation":{"x":-0.0024068427737802269,"y":0.9961019158363342,"z":-0.055757563561201099,"w":-0.0715297982096672},"size":10.99223804473877,"orthographic":false}