{"cameraMode":{"drawMode":0,"name":"Shaded","section":"Shading Mode"},"sceneLighting":true,"audioPlay":false,"sceneViewState":{"m_AlwaysRefresh":false,"showFog":true,"showSkybox":true,"showFlares":true,"showImageEffects":true,"showParticleSystems":true,"showVisualEffectGraphs":true,"m_FxEnabled":true},"in2DMode":false,"pivot":{"x":-3.1168882846832277,"y":5.270734786987305,"z":117.55521392822266},"rotation":{"x":0.3214493989944458,"y":0.023646904155611993,"z":-0.007708507124334574,"w":0.9467616677284241},"size":8.617623329162598,"orthographic":false}