{"cameraMode":{"drawMode":0,"name":"Shaded","section":"Shading Mode"},"sceneLighting":true,"audioPlay":false,"sceneViewState":{"m_AlwaysRefresh":false,"showFog":true,"showSkybox":true,"showFlares":true,"showImageEffects":true,"showParticleSystems":true,"showVisualEffectGraphs":true,"m_FxEnabled":true},"in2DMode":false,"pivot":{"x":-91.12000274658203,"y":0.010000109672546387,"z":194.08999633789063},"rotation":{"x":0.3998272120952606,"y":0.02005130797624588,"z":-0.007077943533658981,"w":0.9165725111961365},"size":3.6013617515563967,"orthographic":false}