{"cameraMode":{"drawMode":0,"name":"Shaded","section":"Shading Mode"},"sceneLighting":true,"audioPlay":false,"sceneViewState":{"m_AlwaysRefresh":false,"showFog":true,"showSkybox":true,"showFlares":true,"showImageEffects":true,"showParticleSystems":true,"showVisualEffectGraphs":true,"m_FxEnabled":true},"in2DMode":false,"pivot":{"x":-3.633216381072998,"y":-5.2990264892578129,"z":79.66254425048828},"rotation":{"x":0.5335739850997925,"y":-0.013095266185700894,"z":0.008542584255337716,"w":0.845787763595581},"size":16.174015045166017,"orthographic":false}