{"cameraMode":{"drawMode":0,"name":"Shaded","section":"Shading Mode"},"sceneLighting":true,"audioPlay":false,"sceneViewState":{"m_AlwaysRefresh":false,"showFog":true,"showSkybox":true,"showFlares":true,"showImageEffects":true,"showParticleSystems":true,"showVisualEffectGraphs":true,"m_FxEnabled":true},"in2DMode":false,"pivot":{"x":-2.371633529663086,"y":4.109781265258789,"z":-0.20257985591888429},"rotation":{"x":-0.009096796624362469,"y":-0.9739276170730591,"z":0.22624823451042176,"w":-0.03208385780453682},"size":0.9738345146179199,"orthographic":false}