{"cameraMode":{"drawMode":0,"name":"Shaded","section":"Shading Mode"},"sceneLighting":true,"audioPlay":false,"sceneViewState":{"m_AlwaysRefresh":false,"showFog":true,"showSkybox":true,"showFlares":true,"showImageEffects":true,"showParticleSystems":true,"showVisualEffectGraphs":true,"m_FxEnabled":true},"in2DMode":false,"pivot":{"x":455.7636413574219,"y":523.4965209960938,"z":85.8809814453125},"rotation":{"x":0.06625624001026154,"y":-0.013136663474142552,"z":0.0017135270172730089,"w":0.9979937076568604},"size":625.8394775390625,"orthographic":false}