{"cameraMode":{"drawMode":0,"name":"Shaded","section":"Shading Mode"},"sceneLighting":true,"audioPlay":false,"sceneViewState":{"m_AlwaysRefresh":false,"showFog":true,"showSkybox":true,"showFlares":true,"showImageEffects":true,"showParticleSystems":true,"showVisualEffectGraphs":true,"m_FxEnabled":true},"in2DMode":false,"pivot":{"x":383.49908447265627,"y":176.14584350585938,"z":608.9273681640625},"rotation":{"x":0.04230291396379471,"y":0.00031530100386589766,"z":0.0007943520322442055,"w":0.9993838667869568},"size":749.0126342773438,"orthographic":false}