{"cameraMode":{"drawMode":0,"name":"Shaded","section":"Shading Mode"},"sceneLighting":true,"audioPlay":false,"sceneViewState":{"m_AlwaysRefresh":false,"showFog":true,"showSkybox":true,"showFlares":true,"showImageEffects":true,"showParticleSystems":true,"showVisualEffectGraphs":true,"m_FxEnabled":true},"in2DMode":false,"pivot":{"x":-11.262918472290039,"y":-1.1600546836853028,"z":30.79291534423828},"rotation":{"x":-0.11701053380966187,"y":-0.028602955862879754,"z":0.003188720904290676,"w":-0.9928460717201233},"size":5.450425148010254,"orthographic":false}