{"cameraMode":{"drawMode":0,"name":"Shaded","section":"Shading Mode"},"sceneLighting":true,"audioPlay":false,"sceneViewState":{"m_AlwaysRefresh":false,"showFog":true,"showSkybox":true,"showFlares":true,"showImageEffects":true,"showParticleSystems":true,"showVisualEffectGraphs":true,"m_FxEnabled":true},"in2DMode":false,"pivot":{"x":-91.2348403930664,"y":4.170577526092529,"z":252.64613342285157},"rotation":{"x":0.002668750938028097,"y":0.9844503402709961,"z":-0.17791952192783357,"w":0.004993407055735588},"size":6.332828998565674,"orthographic":false}