{"cameraMode":{"drawMode":0,"name":"Shaded","section":"Shading Mode"},"sceneLighting":true,"audioPlay":false,"sceneViewState":{"m_AlwaysRefresh":false,"showFog":true,"showSkybox":true,"showFlares":true,"showImageEffects":true,"showParticleSystems":true,"showVisualEffectGraphs":true,"m_FxEnabled":true},"in2DMode":false,"pivot":{"x":-0.20364880561828614,"y":-26.144969940185548,"z":-0.07496470212936402},"rotation":{"x":-0.5466865301132202,"y":0.4532108008861542,"z":-0.4940650463104248,"w":-0.5018326640129089},"size":20.337526321411134,"orthographic":false}