{"cameraMode":{"drawMode":0,"name":"Shaded","section":"Shading Mode"},"sceneLighting":true,"audioPlay":false,"sceneViewState":{"m_AlwaysRefresh":false,"showFog":true,"showSkybox":true,"showFlares":true,"showImageEffects":true,"showParticleSystems":true,"showVisualEffectGraphs":true,"m_FxEnabled":true},"in2DMode":false,"pivot":{"x":571.4482421875,"y":289.67510986328127,"z":399.6190185546875},"rotation":{"x":-0.013798643834888935,"y":0.026714779436588289,"z":-0.0005140574066899717,"w":-0.9996666312217712},"size":586.3448486328125,"orthographic":false}