{"cameraMode":{"drawMode":0,"name":"Shaded","section":"Shading Mode"},"sceneLighting":false,"audioPlay":false,"sceneViewState":{"m_AlwaysRefresh":false,"showFog":true,"showSkybox":false,"showFlares":true,"showImageEffects":true,"showParticleSystems":true,"showVisualEffectGraphs":true,"m_FxEnabled":true},"in2DMode":false,"pivot":{"x":-0.5891925692558289,"y":1.1350042819976807,"z":0.8556454181671143},"rotation":{"x":-0.09728248417377472,"y":0.08619306981563568,"z":-0.008601092733442784,"w":-0.9915996193885803},"size":2.105015754699707,"orthographic":false}