{"cameraMode":{"drawMode":0,"name":"Shaded","section":"Shading Mode"},"sceneLighting":false,"audioPlay":false,"sceneViewState":{"m_AlwaysRefresh":false,"showFog":false,"showSkybox":false,"showFlares":false,"showImageEffects":false,"showParticleSystems":false,"showVisualEffectGraphs":true,"m_FxEnabled":true},"in2DMode":false,"pivot":{"x":-1.1070127487182618,"y":-2.256380558013916,"z":-0.15210390090942384},"rotation":{"x":-0.19972388446331025,"y":-0.05026794970035553,"z":0.010058232583105564,"w":-0.9786443114280701},"size":3.8288795948028566,"orthographic":false}